{"Final Test Set Metrics":{"_latest_artifact_path":"wandb-client-artifact://60wtbbgj098ibawkif9462qvjl2ptv6n3fn59ib5hlfn6brno79ll72txax6q2bat7jp3owuoyhhlqacyj30ooanq8bizsy20dupq1r9cxgg0btikaoipoqdi65mowcn:latest/Final Test Set Metrics.table.json","log_mode":"IMMUTABLE","size":440,"ncols":3,"path":"media/table/Final Test Set Metrics_89_d0e5214deb7b27ffea36.table.json","_type":"table-file","artifact_path":"wandb-client-artifact://moo0a6ebpjzibspfwncvl2m8k8o137x7n78x5inw4haz782lkppa6yy1j4chaxfme1wugd4xvi0wwtd4uk53h1gwv9zwns2ob06mfixlpsuvq1tetw4gn32yvy5vyp2j/Final Test Set Metrics.table.json","nrows":6,"sha256":"d0e5214deb7b27ffea361b1a6bee45299deff2885a02346094f68070f7799ef1"},"def/accuracy/val":0.9675324559211731,"_wandb":{"runtime":10205},"non_def/f1_score/train":0.9687805771827698,"def/f1_score/train":0.9709882140159607,"P(def) image":0.98291015625,"_timestamp":1.7525439288625586e+09,"def/precision/val":0.5359712243080139,"image label":1,"_runtime":10201.538858141,"focalloss/train":0.009967170226828833,"original image":{"_type":"images/separated","width":512,"height":512,"format":"png","count":3,"filenames":["media/images/original image_89_31b54d8eaacb249c0bdb.png","media/images/original image_89_4e2ba13c62dc3e8aca69.png","media/images/original image_89_9f07903200d1608052b2.png"]},"_step":89,"def/f1_score/val":0.6898148059844971,"non_def/precision/val":0.9978184700012207,"non_def/accuracy/val":0.9466059803962708,"def/recall/val":0.9675324559211731,"non_def/recall/val":0.9466059803962708,"non_def/f1_score/val":0.9715378284454346,"focalloss/val":0.013906923627170423}