{"def/accuracy/val":0.9870129823684692,"_wandb":{"runtime":10765},"P(def) image":0.9951171875,"non_def/precision/val":0.9991546869277954,"image label":1,"non_def/f1_score/train":0.9991610646247864,"_step":49,"Final Test Set Metrics":{"_type":"table-file","ncols":3,"size":441,"path":"media/table/Final Test Set Metrics_49_70375e87aea9cf339822.table.json","log_mode":"IMMUTABLE","sha256":"70375e87aea9cf33982254aee953a4cd5d7921074e7f1b5d5e7841f8e065e0aa","_latest_artifact_path":"wandb-client-artifact://25yhczi90d83yecnlol23llsj827u6ietrybireneyizqzdy6b32da8rkga27tnchyke3fxryhd5tdxrz1qw4ii5acefttl8ybt8j3136si6pp06dvjhj4pmsbzkvhf0:latest/Final Test Set Metrics.table.json","artifact_path":"wandb-client-artifact://m5lkz8tlf36aa111d13psy0cr6poivzobrx5l3botqyu3afbcjie6w6eohb4ifo2zu968klzls4z7b352uwln3qw1y7azehpeylla2ubj453dwmx4bl8ifev8toyxj27/Final Test Set Metrics.table.json","nrows":6},"_runtime":10755.786645895,"def/f1_score/train":0.9991165995597839,"focalloss/train":0.0002504500191408975,"non_def/f1_score/val":0.9887076020240784,"original image":{"filenames":["media/images/original image_49_2d0cb2b0134fae596e31.png","media/images/original image_49_9e1be27e86fc5d796b7b.png","media/images/original image_49_477365166bc6ded0c061.png"],"_type":"images/separated","width":512,"height":512,"format":"png","count":3},"_timestamp":1.7526427498652987e+09,"def/f1_score/val":0.8491621017456055,"non_def/recall/val":0.9784768223762512,"non_def/accuracy/val":0.9784768223762512,"def/recall/val":0.9870129823684692,"focalloss/val":0.011758360200534815,"def/precision/val":0.7450980544090271}