{"non_def/f1_score/val":0.9893461465835571,"def/accuracy/val":0.9805194735527039,"P(def) image":1,"def/precision/val":0.7587939500808716,"def/f1_score/val":0.8555240631103516,"original image":{"width":512,"height":512,"format":"png","count":3,"filenames":["media/images/original image_49_d868f2ac7c202b48d3d5.png","media/images/original image_49_9af78dd1abe87ceaf654.png","media/images/original image_49_601526509bf4e11ad20f.png"],"_type":"images/separated"},"def/f1_score/train":0.9991189241409302,"non_def/precision/val":0.998734712600708,"def/recall/val":0.9805194735527039,"crossentropyloss/train":0.003585189546203151,"_runtime":10834.210253849,"crossentropyloss/val":0.1391527441944144,"non_def/accuracy/val":0.9801324605941772,"_timestamp":1.7526315088729377e+09,"non_def/recall/val":0.9801324605941772,"_wandb":{"runtime":10844},"_step":49,"Final Test Set Metrics":{"sha256":"576f35717193ab3cd074a7b937142414ec9347c8b52426f1e0ba7c75f8276d4d","ncols":3,"nrows":6,"log_mode":"IMMUTABLE","_type":"table-file","size":443,"_latest_artifact_path":"wandb-client-artifact://g88k9xte2hyrizl7d5fcw5azjnqqhvyrslavjc2ijvoxz7irko2pzc6v38srxtuvmktwhzvn5wghzgzj0b7lnx1j11t8l6y5jca7m420xjb178eljwwwn2zsvbllt06b:latest/Final Test Set Metrics.table.json","artifact_path":"wandb-client-artifact://5kmy0m86t4ajxmsilhwen607h0ax1d7s4pne7t590vkm09jkqn2diryovvs1ye4ueee78p2qxappph57jb50hhi9w42ux5zltqykxh83y6kiwfwttmw157pbnwyztpaj/Final Test Set Metrics.table.json","path":"media/table/Final Test Set Metrics_49_576f35717193ab3cd074.table.json"},"image label":1,"non_def/f1_score/train":0.9991589784622192}