{"def/f1_score/train":0.8308790326118469,"non_def/accuracy/val":0.945364236831665,"non_def/f1_score/train":0.8307279944419861,"crossentropyloss/train":0.3144577957689762,"_runtime":5697.586825554,"_timestamp":1.7525307095906851e+09,"def/accuracy/val":0.9285714030265808,"def/precision/val":0.5199999809265137,"non_def/precision/val":0.9952069520950317,"non_def/recall/val":0.945364236831665,"Final Test Set Metrics":{"nrows":6,"_latest_artifact_path":"wandb-client-artifact://hoz26s9evi9yzz66h9z5m2449z4dd9xeot0itqsavp1s7xm8vmcztev1nfqxwy247me8h0x4k97gxkrqqqiovvjagy4hivhzrvpkih5w6xl2xr5bjyox8wwmv8uujv7w:latest/Final Test Set Metrics.table.json","_type":"table-file","size":445,"path":"media/table/Final Test Set Metrics_49_6b5820d4ae0554526dca.table.json","artifact_path":"wandb-client-artifact://gqrpm3bgla8mwi0gljv0lumue19vxvdbgoc0mtiltubntmpv2eiphsjasj3dijxjwutlagyiwstw5xna1qz4ip90w6fwrukts23e8xrvj8zs7ljbewxsh928hrtw3srz/Final Test Set Metrics.table.json","log_mode":"IMMUTABLE","sha256":"6b5820d4ae0554526dca99c84bb7637abba8dd0862d60f43661ae2d20277bd5c","ncols":3},"non_def/f1_score/val":0.9696455001831055,"def/f1_score/val":0.6666666269302368,"P(def) image":0.55810546875,"image label":1,"def/recall/val":0.9285714030265808,"_step":49,"crossentropyloss/val":0.22366647919019064,"_wandb":{"runtime":5701},"original image":{"format":"png","count":3,"filenames":["media/images/original image_49_79a8a944fe4b5bc0c039.png","media/images/original image_49_dd2602ec65d388017469.png","media/images/original image_49_1fa9f886f5124b06f9de.png"],"_type":"images/separated","width":512,"height":512}}