{"recon":{"count":3,"filenames":["media/images/recon_839_5e7ad0d518416be2f840.png","media/images/recon_839_818b611842b1cf741070.png","media/images/recon_839_28976ca17936a3560862.png"],"_type":"images/separated","width":512,"height":512,"format":"png"},"_wandb":{"runtime":75329},"masked":{"width":512,"height":512,"format":"png","count":3,"filenames":["media/images/masked_839_4911a831d3393cb7450a.png","media/images/masked_839_d76e59c0c467c90d12e0.png","media/images/masked_839_3210e4a8f9422e637d08.png"],"_type":"images/separated"},"recon + vis":{"_type":"images/separated","width":512,"height":512,"format":"png","count":3,"filenames":["media/images/recon + vis_839_6ab45c810d76e5bc004f.png","media/images/recon + vis_839_70247207f0e0483edaa6.png","media/images/recon + vis_839_57d8ff6041a08d17fe8c.png"]},"_runtime":75313.04492828,"Epoch":799,"Pretrain loss":0.0029153681727069796,"LR":1.2014466262179337e-09,"_timestamp":1.7521112041996362e+09,"_step":839,"originals":{"format":"png","count":3,"filenames":["media/images/originals_839_7d106460ece23e1f1bac.png","media/images/originals_839_d57d13ca4ac96964d666.png","media/images/originals_839_e34d0d41815502c3ff07.png"],"_type":"images/separated","width":512,"height":512}}