{"f1_score_def/train":0.7204659581184387,"_timestamp":1.7524795852728963e+09,"f1_score_non_def/val":0.8089036345481873,"val_metrics_def/recall":0.3571428656578064,"f1_score_def/val":0.11995638161897659,"val_metrics_def/precision":0.07208388298749924,"_wandb":{"runtime":107},"val_metrics_non_def/recall":0.7069536447525024,"configs.train.criterion/val":0.04301187815144658,"val_metrics_def/accuracy":0.3571428656578064,"val_metrics_non_def/accuracy":0.7069536447525024,"_step":0,"configs.train.criterion/train":0.0743068240582943,"_runtime":107.212659875,"f1_score_non_def/train":0.676300585269928,"val_metrics_non_def/precision":0.9452130794525146}