{"non_def/f1_score/train":0.958294689655304,"_runtime":4633.929495375,"_timestamp":1.7524905899861887e+09,"focalloss/val":0.02040237619075924,"non_def/accuracy/val":0.9110099077224731,"_step":39,"_wandb":{"runtime":4637},"def/precision/val":0.40443214774131775,"focalloss/train":0.012601506593637169,"Final Test Set Metrics":{"path":"media/table/Final Test Set Metrics_39_9748f9700dd83ee17768.table.json","sha256":"9748f9700dd83ee17768f407cc306ca0f8d845770952438c8eb638b8c8cec585","ncols":3,"size":440,"_type":"table-file","artifact_path":"wandb-client-artifact://5ia4bviguhnpkskbblj5idurxoxngwz7o0rbxeaq2rc802ca1e51rxqa59kwd9nrb0rd1h57xe9yewg9a8qqta9xd0ahx6i5ejhdcz3gdmhhnx74ugch0x5tptcalaan/Final Test Set Metrics.table.json","nrows":6,"log_mode":"IMMUTABLE","_latest_artifact_path":"wandb-client-artifact://lcmqefdprzpdvqhckeqzhp9svnw6vc0j24bks6u14425kfnnjr45zlqbzre9cglr3b4ow84nxf9ce93ldlbfry40hp6hl902aypgrnkall61hwq6diu0x6qyrp5wwir4:latest/Final Test Set Metrics.table.json"},"def/recall/val":0.948051929473877,"non_def/f1_score/val":0.9517837762832642,"def/f1_score/val":0.5669902563095093,"non_def/precision/val":0.996378481388092,"P(def) image":0.9453125,"def/f1_score/train":0.961240291595459,"image label":1,"non_def/recall/val":0.9110099077224731,"original image":{"count":3,"filenames":["media/images/original image_39_008d1d330418b0577fa0.png","media/images/original image_39_823982a303daa39d2239.png","media/images/original image_39_a5cc2763208ab8ef9ffe.png"],"_type":"images/separated","width":512,"height":512,"format":"png"},"def/accuracy/val":0.948051929473877}