{"image label":1,"crossentropyloss/train":0.08949088422875655,"_runtime":10170.256292666,"_step":89,"_timestamp":1.752554260957059e+09,"non_def/accuracy/val":0.9610927104949951,"def/recall/val":0.948051929473877,"non_def/precision/val":0.9965665340423584,"crossentropyloss/val":0.14184309480090937,"Final Test Set Metrics":{"_latest_artifact_path":"wandb-client-artifact://31tdb76zw5maxfhfepb7tothqtpfxxaclx7thjxh9six7gatdkzsjwnszjp6lcfuet764ifrueiuxqnaulogc7ga9ahbea2awikss3n4thnxgy43yn8yawyi4tjdh777:latest/Final Test Set Metrics.table.json","nrows":6,"sha256":"07bc46102b22101068007e57607101bea3e9b2ec9f5516dea3c584057541fd8e","ncols":3,"_type":"table-file","path":"media/table/Final Test Set Metrics_89_07bc46102b2210106800.table.json","artifact_path":"wandb-client-artifact://9lovva078t1c5dapvuq7huurxci3g2ye14snrbzywmxunfm0peo14xyaj7o98tyufv6it8hv7gckoffhmm8l7o2cryoysgaxpqb05ph6qc7fbhu8zz5n33u77101pv48/Final Test Set Metrics.table.json","size":441,"log_mode":"IMMUTABLE"},"non_def/recall/val":0.9610927104949951,"def/f1_score/val":0.7411167621612549,"original image":{"width":512,"height":512,"format":"png","count":3,"filenames":["media/images/original image_89_cb08f9d0b956d0ef5af7.png","media/images/original image_89_097ed0bcd36d47c995d5.png","media/images/original image_89_e749a89f36edb7afbb48.png"],"_type":"images/separated"},"def/accuracy/val":0.948051929473877,"P(def) image":1,"def/f1_score/train":0.9670838713645935,"non_def/f1_score/train":0.9661744236946106,"def/precision/val":0.6083333492279053,"non_def/f1_score/val":0.9785082340240479,"_wandb":{"runtime":10173}}