{"val_metrics_def/recall":0.9415584206581116,"f1_score_def/val":0.4184703826904297,"focalloss/train":0.022749214572831987,"_step":8,"val_metrics_def/accuracy":0.9415584206581116,"_runtime":1664.972219351,"focalloss/val":0.030999295801545184,"val_metrics_non_def/precision":0.9955686926841736,"val_metrics_def/precision":0.26901668310165405,"_wandb":{"runtime":1664},"f1_score_non_def/val":0.9093770980834961,"val_metrics_non_def/accuracy":0.8369205594062805,"_timestamp":1.7524806437747548e+09,"f1_score_non_def/train":0.8993973731994629,"val_metrics_non_def/recall":0.8369205594062805,"f1_score_def/train":0.9065863490104675}