{"def/precision/val":0.5399239659309387,"non_def/f1_score/val":0.971839964389801,"def/f1_score/val":0.6810551881790161,"non_def/precision/val":0.9947984218597412,"crossentropyloss/val":0.1924151685088873,"image label":1,"def/recall/val":0.9220778942108154,"non_def/recall/val":0.949917197227478,"P(def) image":0.98974609375,"def/accuracy/val":0.9220778942108154,"_step":39,"Final Test Set Metrics":{"log_mode":"IMMUTABLE","sha256":"d41a4414621230b7da58521b71a35a09502659bd63d5c689899697e100050126","_type":"table-file","nrows":6,"artifact_path":"wandb-client-artifact://ip1s8k5ov4dq5peicewybpund6tcex08neaxy7jbb324quv5e9k6zc5rgs2n0q28u42eqy5xcfrbylnjojyag9ni89m7yla43rarsf1n1ari5yb8m2ldwa0nsn6zc26i/Final Test Set Metrics.table.json","ncols":3,"size":442,"path":"media/table/Final Test Set Metrics_39_d41a4414621230b7da58.table.json","_latest_artifact_path":"wandb-client-artifact://4wkibrdhhar3hhiqtkyksfaygl67vl8evc5sz06wgiot0kdkpl5jqe9oee9ux5p4keoc123088bdpn2g8k1ogh4qck0kxyrml4g0u12e87t1gnakbztbpmyizssu3ugt:latest/Final Test Set Metrics.table.json"},"_timestamp":1.7524949967243772e+09,"_runtime":4307.690630546,"non_def/f1_score/train":0.9557912945747375,"def/f1_score/train":0.9549143314361572,"_wandb":{"runtime":4311},"non_def/accuracy/val":0.949917197227478,"crossentropyloss/train":0.1284710630774498,"original image":{"height":512,"format":"png","count":3,"filenames":["media/images/original image_39_35ba871542654cda6177.png","media/images/original image_39_9fda3b53f1c9bb28608f.png","media/images/original image_39_32b6abe255739dd433f9.png"],"_type":"images/separated","width":512}}